"CHR","COORDINATE","RSID","REF","ALT","PVAL"
"13",102027776,"rs11617740","A","G",1e-07
"21",42023389,"rs2839440","C","T",1e-06
"4",181688712,"rs12641856","A","G",1e-06
"20",5968888,"rs4815879","A","G",1e-06
"6",31008442,"rs28360974","A","G",1e-06
"10",28738294,"rs1248993","A","G",1e-06
"7",25573041,"rs975369","A","G",1e-06
"20",4234910,"rs1556832","C","T",1e-06
"11",118161271,"rs11600901","A","G",1e-06
"13",77305241,"rs7322722","A","G",1e-06
"9",100214259,"rs10989019","C","T",1e-06
"10",104124358,"rs10883969","C","T",1e-06
"9",100046403,"rs7028939","A","G",1e-06
"3",149532802,"rs17787940","C","T",1e-06
"21",34835765,"rs9976946","C","T",1e-06
"13",39329106,"rs6563695","G","T",1e-06
"8",20389247,"rs17412740","A","G",1e-06
"2",105261413,"rs17636747","C","T",1e-06
