variant,CHR,REF,ALT,COORDINATE,PVAL,mapped_elements,UKB_dataset,n_cases,n_controls,h2_observed
4:5438532:T:C,4,C,T,5438532,8.25727e-08,Y_RNA,RN7SKP275,STK32B,O69,168,194006,0.0047
4:5438555:G:A,4,A,G,5438555,5.97586e-08,Y_RNA,RN7SKP275,STK32B,O69,168,194006,0.0047
4:5438559:A:G,4,G,A,5438559,5.94872e-08,Y_RNA,RN7SKP275,STK32B,O69,168,194006,0.0047
4:5438814:A:G,4,G,A,5438814,5.91243e-08,Y_RNA,RN7SKP275,STK32B,O69,168,194006,0.0047
4:5438834:G:A,4,A,G,5438834,7.11846e-08,Y_RNA,RN7SKP275,STK32B,O69,168,194006,0.0047
4:5438901:G:A,4,A,G,5438901,5.87857e-08,Y_RNA,RN7SKP275,STK32B,O69,168,194006,0.0047
4:5439063:G:T,4,T,G,5439063,5.51126e-08,Y_RNA,RN7SKP275,STK32B,O69,168,194006,0.0047
4:5439315:A:G,4,G,A,5439315,4.97339e-08,Y_RNA,RN7SKP275,STK32B,O69,168,194006,0.0047
4:5439630:A:G,4,G,A,5439630,4.6417e-08,Y_RNA,RN7SKP275,STK32B,O69,168,194006,0.0047
4:5439690:T:C,4,C,T,5439690,4.36519e-08,Y_RNA,RN7SKP275,STK32B,O69,168,194006,0.0047
4:5439806:G:A,4,A,G,5439806,3.98842e-08,Y_RNA,RN7SKP275,STK32B,O69,168,194006,0.0047
4:5440064:C:T,4,T,C,5440064,4.03828e-08,Y_RNA,RN7SKP275,STK32B,O69,168,194006,0.0047
4:5440485:A:G,4,G,A,5440485,3.99978e-08,Y_RNA,RN7SKP275,STK32B,O69,168,194006,0.0047
4:5440654:T:G,4,G,T,5440654,4.00458e-08,Y_RNA,RN7SKP275,STK32B,O69,168,194006,0.0047
4:5440703:C:A,4,A,C,5440703,1.5152e-08,Y_RNA,RN7SKP275,STK32B,O69,168,194006,0.0047
4:5441328:A:C,4,C,A,5441328,3.95449e-08,Y_RNA,RN7SKP275,STK32B,O69,168,194006,0.0047
4:5441452:A:T,4,T,A,5441452,3.93619e-08,Y_RNA,RN7SKP275,STK32B,O69,168,194006,0.0047
4:5441610:T:C,4,C,T,5441610,3.83186e-08,Y_RNA,RN7SKP275,STK32B,O69,168,194006,0.0047
4:5441612:C:G,4,G,C,5441612,3.83166e-08,Y_RNA,RN7SKP275,STK32B,O69,168,194006,0.0047
4:5442121:G:C,4,C,G,5442121,3.85985e-08,Y_RNA,RN7SKP275,STK32B,O69,168,194006,0.0047
4:5442376:A:G,4,G,A,5442376,3.84664e-08,Y_RNA,RN7SKP275,STK32B,O69,168,194006,0.0047
4:5442610:T:C,4,C,T,5442610,3.84284e-08,Y_RNA,RN7SKP275,STK32B,O69,168,194006,0.0047
4:5442752:T:G,4,G,T,5442752,3.98547e-08,Y_RNA,RN7SKP275,STK32B,O69,168,194006,0.0047
4:5444798:C:G,4,G,C,5444798,3.55539e-08,Y_RNA,RN7SKP275,STK32B,O69,168,194006,0.0047
4:5444826:C:T,4,T,C,5444826,3.90349e-08,Y_RNA,RN7SKP275,STK32B,O69,168,194006,0.0047
4:5444870:C:T,4,T,C,5444870,3.98063e-08,Y_RNA,RN7SKP275,STK32B,O69,168,194006,0.0047
4:5445232:C:G,4,G,C,5445232,3.57663e-08,Y_RNA,RN7SKP275,STK32B,O69,168,194006,0.0047
4:5445349:A:G,4,G,A,5445349,3.5768e-08,Y_RNA,RN7SKP275,STK32B,O69,168,194006,0.0047
4:5445549:C:G,4,G,C,5445549,3.51671e-08,Y_RNA,RN7SKP275,STK32B,O69,168,194006,0.0047
4:5445587:A:G,4,G,A,5445587,3.56509e-08,Y_RNA,RN7SKP275,STK32B,O69,168,194006,0.0047
4:5447721:C:T,4,T,C,5447721,1.45683e-08,Y_RNA,RN7SKP275,STK32B,O69,168,194006,0.0047
4:5447833:A:G,4,G,A,5447833,1.45103e-08,Y_RNA,RN7SKP275,STK32B,O69,168,194006,0.0047
4:5448012:A:G,4,G,A,5448012,1.44784e-08,Y_RNA,RN7SKP275,STK32B,O69,168,194006,0.0047
4:5448319:T:C,4,C,T,5448319,3.26644e-08,Y_RNA,RN7SKP275,STK32B,O69,168,194006,0.0047
