"CHR"	"COORDINATE"	"REF"	"ALT"	"PVAL"
"1"	"1"	"14975734"	"A"	"G"	4.58987e-06
"2"	"1"	"94789174"	"T"	"C"	1.36575e-06
"3"	"1"	"234071196"	"T"	"C"	8.81614e-06
"4"	"2"	"240482578"	"G"	"A"	1.76361e-06
"5"	"3"	"66322536"	"G"	"A"	9.82008e-06
"6"	"3"	"66494724"	"T"	"G"	5.49154e-06
"7"	"4"	"5428077"	"G"	"A"	6.3935e-06
"8"	"4"	"5434857"	"A"	"C"	8.68887e-06
"9"	"4"	"5457009"	"G"	"T"	5.15339e-06
"10"	"5"	"83469688"	"C"	"A"	6.78074e-06
"11"	"5"	"83486397"	"GTATATATATATATA"	"G"	3.64862e-06
"12"	"6"	"113993436"	"A"	"AAAAG"	7.31175e-06
"13"	"6"	"117081588"	"G"	"A"	8.90379e-06
"14"	"7"	"41348514"	"T"	"C"	4.05964e-06
"15"	"7"	"41357951"	"T"	"C"	1.50309e-06
"16"	"7"	"41362703"	"T"	"C"	1.78899e-06
"17"	"7"	"41378944"	"T"	"C"	1.45782e-06
"18"	"7"	"41392103"	"A"	"G"	2.02506e-07
"19"	"7"	"152603230"	"C"	"T"	2.43485e-09
"20"	"7"	"152604436"	"G"	"A"	1.00269e-06
"21"	"7"	"152604437"	"T"	"A"	1.01539e-06
"22"	"7"	"152604776"	"G"	"A"	4.64714e-09
"23"	"7"	"152605622"	"G"	"A"	6.28162e-09
"24"	"7"	"152605672"	"A"	"G"	4.48635e-09
"25"	"7"	"152605750"	"C"	"T"	6.34742e-09
"26"	"7"	"152606030"	"G"	"T"	5.92938e-09
"27"	"7"	"152606612"	"T"	"C"	5.54792e-09
"28"	"7"	"152607880"	"C"	"G"	2.50576e-07
"29"	"7"	"152607889"	"G"	"A"	3.35939e-07
"30"	"7"	"152608046"	"A"	"G"	7.48461e-08
"31"	"7"	"152609188"	"T"	"C"	6.90969e-09
"32"	"7"	"152610541"	"G"	"GT"	1.24411e-07
"33"	"9"	"83915222"	"G"	"C"	9.11234e-06
"34"	"9"	"84275708"	"T"	"G"	5.3786e-06
"35"	"9"	"90219466"	"A"	"T"	2.44936e-06
"36"	"9"	"90221426"	"C"	"CTCCT"	7.29804e-07
"37"	"9"	"90222977"	"T"	"C"	2.04569e-06
"38"	"9"	"90225066"	"G"	"A"	3.41771e-06
"39"	"9"	"90225190"	"C"	"T"	3.65353e-06
"40"	"9"	"90225867"	"A"	"AAGCACATACTTTATCT"	5.00346e-06
"41"	"9"	"90228911"	"A"	"G"	3.85794e-06
"42"	"9"	"90229923"	"A"	"G"	3.85251e-06
"43"	"9"	"90231669"	"T"	"TC"	3.42795e-06
"44"	"9"	"90232402"	"G"	"A"	4.06592e-06
"45"	"9"	"90232929"	"C"	"T"	3.98343e-06
"46"	"9"	"90233685"	"G"	"A"	3.91687e-06
"47"	"9"	"90236184"	"T"	"G"	3.07873e-06
"48"	"9"	"90240066"	"G"	"A"	2.38564e-06
"49"	"9"	"90244209"	"A"	"G"	3.00487e-06
"50"	"9"	"90244818"	"T"	"G"	2.52788e-06
"51"	"9"	"90245433"	"C"	"G"	1.68068e-06
"52"	"11"	"5422976"	"T"	"A"	1.78318e-06
"53"	"11"	"5423075"	"T"	"C"	1.79063e-06
"54"	"11"	"5423082"	"TCTG"	"T"	1.79063e-06
"55"	"11"	"5423085"	"G"	"T"	3.23103e-06
"56"	"11"	"5423089"	"T"	"C"	1.79063e-06
"57"	"11"	"5423226"	"G"	"T"	1.8019e-06
"58"	"11"	"5423257"	"C"	"T"	1.79111e-06
"59"	"11"	"5423258"	"T"	"C"	1.79516e-06
"60"	"11"	"5425277"	"G"	"C"	3.81977e-06
"61"	"11"	"5425803"	"A"	"G"	5.51458e-06
"62"	"11"	"5426503"	"A"	"G"	1.7897e-06
"63"	"11"	"5437434"	"A"	"G"	1.44605e-06
"64"	"11"	"5437736"	"A"	"T"	2.86204e-06
"65"	"11"	"5438746"	"A"	"G"	1.03362e-06
"66"	"11"	"5441703"	"T"	"A"	1.5885e-06
"67"	"11"	"22003721"	"A"	"G"	4.9122e-07
"68"	"11"	"90674056"	"G"	"GAAAGGAAGGAA"	4.69387e-06
"69"	"11"	"90674067"	"AG"	"A"	4.52086e-06
"70"	"11"	"90717639"	"A"	"G"	8.8266e-06
"71"	"13"	"49187031"	"T"	"A"	9.67375e-06
"72"	"13"	"49189523"	"A"	"T"	9.86919e-06
"73"	"15"	"90991456"	"G"	"T"	5.08483e-07
"74"	"16"	"2487853"	"CTA"	"C"	3.37277e-06
"75"	"16"	"73095266"	"C"	"T"	9.93292e-06
"76"	"17"	"54511191"	"TA"	"T"	9.74089e-06
"77"	"19"	"53902723"	"T"	"C"	2.12025e-07
"78"	"20"	"46806861"	"A"	"G"	3.20735e-06
"79"	"20"	"56019162"	"C"	"T"	7.51228e-06
"80"	"20"	"56020184"	"C"	"T"	4.04491e-07
"81"	"20"	"56081025"	"T"	"C"	1.83538e-06
"82"	"20"	"56081132"	"T"	"C"	1.7642e-06
"83"	"20"	"56084464"	"T"	"C"	7.16941e-07
"84"	"20"	"56085645"	"T"	"C"	6.27464e-07
"85"	"20"	"56085841"	"T"	"C"	6.0013e-07
"86"	"20"	"56086644"	"T"	"TC"	9.23844e-07
"87"	"20"	"56087800"	"C"	"T"	2.90179e-07
"88"	"20"	"56087990"	"A"	"C"	6.02051e-07
"89"	"20"	"56088857"	"A"	"AT"	8.03629e-07
"90"	"20"	"56088958"	"T"	"C"	1.30776e-06
"91"	"20"	"56089629"	"G"	"A"	6.69194e-07
"92"	"20"	"56095032"	"A"	"ATGGAGATAGTGGCCAC"	5.75231e-07
"93"	"23"	"97613597"	"A"	"C"	9.85082e-06
"94"	"23"	"97628239"	"C"	"T"	9.65641e-06
"95"	"23"	"97628713"	"T"	"C"	6.08048e-06
"96"	"23"	"97629473"	"T"	"C"	5.6333e-06
"97"	"23"	"97629637"	"A"	"C"	6.52713e-06
"98"	"23"	"97635005"	"T"	"C"	4.81265e-06
"99"	"23"	"97638256"	"A"	"G"	3.54695e-06
"100"	"23"	"97649203"	"T"	"A"	8.30804e-06
"101"	"23"	"97651164"	"T"	"C"	8.02352e-06
"102"	"1"	"175440469"	"T"	"C"	8.18791e-06
"103"	"1"	"175468685"	"T"	"C"	2.44585e-06
"104"	"1"	"176028607"	"G"	"T"	6.91621e-06
"105"	"1"	"176064297"	"G"	"A"	5.43869e-06
"106"	"1"	"176090828"	"C"	"T"	5.70819e-06
"107"	"1"	"186952215"	"CA"	"C"	1.56234e-06
"108"	"1"	"239357700"	"T"	"C"	2.3858e-06
"109"	"1"	"245697260"	"C"	"T"	3.24488e-06
"110"	"2"	"45105597"	"T"	"C"	3.25544e-06
"111"	"2"	"218658179"	"T"	"C"	3.3397e-06
"112"	"2"	"229039005"	"T"	"A"	4.17522e-06
"113"	"2"	"229039040"	"T"	"C"	4.69707e-06
"114"	"2"	"229039254"	"T"	"C"	4.58953e-06
"115"	"2"	"229039672"	"A"	"C"	4.17601e-06
"116"	"2"	"229039897"	"TTAA"	"T"	3.22022e-06
"117"	"2"	"229041079"	"T"	"C"	4.57817e-06
"118"	"2"	"229041138"	"C"	"T"	4.77402e-06
"119"	"2"	"229041143"	"C"	"T"	5.14581e-06
"120"	"2"	"229041172"	"C"	"T"	7.00507e-06
"121"	"2"	"229041386"	"G"	"T"	4.15628e-06
"122"	"2"	"229041578"	"T"	"C"	4.56323e-06
"123"	"2"	"229041719"	"A"	"G"	3.71526e-06
"124"	"2"	"229042283"	"T"	"A"	4.23561e-06
"125"	"2"	"229042594"	"G"	"A"	4.07106e-06
"126"	"2"	"229043027"	"T"	"G"	4.24836e-06
"127"	"2"	"229043631"	"T"	"A"	5.20115e-06
"128"	"2"	"229043867"	"C"	"T"	3.08846e-06
"129"	"4"	"12034326"	"A"	"C"	6.32327e-06
"130"	"4"	"12039243"	"A"	"G"	7.24753e-06
"131"	"4"	"16978494"	"A"	"G"	3.1551e-06
"132"	"5"	"16187653"	"G"	"A"	1.32437e-06
"133"	"5"	"16241644"	"T"	"C"	6.94411e-06
"134"	"5"	"16262304"	"C"	"T"	2.92486e-06
"135"	"5"	"16279031"	"C"	"T"	2.03381e-06
"136"	"5"	"22833174"	"G"	"T"	5.59362e-06
"137"	"5"	"53160488"	"T"	"C"	7.401e-06
"138"	"5"	"53219986"	"C"	"T"	8.41835e-07
"139"	"5"	"53222576"	"C"	"T"	5.15608e-06
"140"	"5"	"53222767"	"T"	"G"	8.38659e-06
"141"	"5"	"53233229"	"A"	"G"	5.19458e-06
"142"	"5"	"53250254"	"A"	"G"	5.87666e-06
"143"	"5"	"115785820"	"A"	"G"	9.62395e-06
"144"	"5"	"115812424"	"G"	"A"	6.22155e-06
"145"	"5"	"115816513"	"G"	"T"	8.71785e-06
"146"	"5"	"128224861"	"G"	"A"	8.6047e-06
"147"	"6"	"153122932"	"T"	"TATC"	1.61024e-06
"148"	"7"	"21440285"	"T"	"C"	1.53628e-06
"149"	"7"	"146610850"	"CT"	"C"	8.04893e-06
"150"	"8"	"40032840"	"T"	"G"	5.13886e-06
"151"	"8"	"41386465"	"T"	"G"	7.25578e-06
"152"	"8"	"122668241"	"ATTTGTTT"	"A"	6.24833e-06
"153"	"9"	"134299380"	"G"	"T"	9.83341e-06
"154"	"9"	"134339187"	"G"	"T"	9.46343e-06
"155"	"10"	"6507603"	"T"	"C"	7.55377e-06
"156"	"10"	"63742035"	"A"	"T"	4.01467e-06
"157"	"10"	"86391106"	"C"	"CA"	4.17461e-06
"158"	"10"	"101275840"	"C"	"G"	9.30333e-06
"159"	"10"	"124792796"	"T"	"C"	7.47824e-06
"160"	"11"	"44956024"	"A"	"G"	3.74468e-06
"161"	"11"	"60887852"	"G"	"C"	7.4401e-07
"162"	"11"	"60899932"	"A"	"G"	1.8208e-06
"163"	"12"	"42565297"	"A"	"C"	8.94013e-06
"164"	"12"	"42621605"	"C"	"T"	8.20307e-06
"165"	"13"	"44386220"	"T"	"G"	4.76382e-06
"166"	"14"	"42136182"	"A"	"G"	7.80565e-06
"167"	"14"	"99116184"	"A"	"G"	6.01142e-06
"168"	"15"	"33931231"	"C"	"T"	3.58189e-06
"169"	"15"	"66508861"	"T"	"C"	4.92444e-06
"170"	"15"	"66511609"	"G"	"A"	4.22747e-06
"171"	"15"	"66515204"	"G"	"T"	3.11564e-06
"172"	"15"	"66515469"	"T"	"C"	2.67391e-06
"173"	"15"	"66519961"	"A"	"C"	1.61465e-06
"174"	"15"	"66523318"	"G"	"T"	2.62396e-06
"175"	"15"	"66527530"	"C"	"T"	2.72438e-06
"176"	"15"	"66528324"	"T"	"A"	2.74489e-06
"177"	"15"	"66530274"	"T"	"G"	2.73943e-06
"178"	"15"	"66549062"	"T"	"C"	1.82699e-06
"179"	"15"	"75982186"	"A"	"G"	6.2797e-06
"180"	"16"	"81428333"	"T"	"TTCCCCAGTGA"	1.92591e-06
"181"	"19"	"14298620"	"G"	"A"	7.44986e-06
"182"	"20"	"25716615"	"T"	"C"	4.18415e-06
"183"	"23"	"6811324"	"C"	"G"	2.21797e-06
"184"	"23"	"7078682"	"C"	"G"	1.77192e-07
"185"	"23"	"35214192"	"G"	"GT"	5.64727e-08
"186"	"23"	"35220631"	"CT"	"C"	9.57022e-06
"187"	"23"	"35224502"	"A"	"C"	9.38048e-06
"188"	"23"	"35225955"	"T"	"C"	7.35774e-06
"189"	"23"	"35344622"	"C"	"T"	9.53915e-06
"190"	"23"	"36494227"	"A"	"G"	5.92756e-06
"191"	"23"	"121644980"	"T"	"C"	6.4307e-09
"192"	"1"	"14885901"	"C"	"T"	7.64984e-06
"193"	"1"	"60619324"	"T"	"C"	1.82013e-06
"194"	"1"	"60782072"	"A"	"G"	5.3224e-06
"195"	"1"	"165132051"	"G"	"A"	3.64406e-06
"196"	"1"	"165150686"	"G"	"A"	4.32852e-06
"197"	"1"	"165151722"	"C"	"T"	4.54365e-06
"198"	"1"	"176044613"	"A"	"G"	8.75558e-07
"199"	"1"	"176052098"	"A"	"G"	6.75223e-07
"200"	"1"	"176195602"	"G"	"C"	4.02614e-07
"201"	"1"	"176262641"	"G"	"A"	4.77487e-07
"202"	"1"	"176283945"	"G"	"A"	4.61017e-07
"203"	"1"	"176358457"	"C"	"G"	3.89979e-07
"204"	"1"	"176358458"	"C"	"G"	1.39644e-07
"205"	"1"	"241338742"	"T"	"A"	4.391e-06
"206"	"1"	"241339088"	"G"	"A"	7.93832e-06
"207"	"1"	"241339331"	"G"	"A"	4.82949e-06
"208"	"1"	"241339340"	"G"	"C"	4.58798e-06
"209"	"2"	"112983796"	"G"	"GT"	1.48425e-06
"210"	"2"	"112983901"	"A"	"C"	9.04801e-06
"211"	"2"	"112985107"	"G"	"A"	9.38156e-06
"212"	"2"	"113017065"	"T"	"C"	5.67011e-06
"213"	"2"	"113023629"	"G"	"A"	8.1412e-06
"214"	"2"	"113052585"	"CTGA"	"C"	6.11471e-06
"215"	"2"	"113052588"	"T"	"TACCAC"	6.12964e-06
"216"	"2"	"113109203"	"C"	"T"	1.33759e-06
"217"	"2"	"113110221"	"T"	"C"	7.17929e-06
"218"	"2"	"113117648"	"A"	"G"	2.56907e-06
"219"	"2"	"113145337"	"G"	"C"	6.15245e-08
"220"	"2"	"113174604"	"T"	"TA"	4.60149e-08
"221"	"2"	"113183425"	"C"	"T"	5.44815e-08
"222"	"2"	"113187205"	"G"	"T"	1.05559e-07
"223"	"2"	"113197930"	"C"	"A"	1.135e-07
"224"	"2"	"113217040"	"A"	"G"	7.67495e-08
"225"	"2"	"113219199"	"T"	"G"	7.59308e-08
"226"	"3"	"27572820"	"T"	"C"	7.39564e-06
"227"	"3"	"27573180"	"A"	"G"	7.51953e-06
"228"	"3"	"27573639"	"T"	"C"	8.58608e-06
"229"	"3"	"27577398"	"T"	"TG"	8.44146e-06
"230"	"3"	"27577517"	"C"	"CA"	8.44032e-06
"231"	"3"	"27578324"	"T"	"G"	7.35365e-06
"232"	"3"	"27580157"	"A"	"G"	7.51259e-06
"233"	"3"	"27580578"	"A"	"G"	8.61844e-06
"234"	"3"	"27581711"	"C"	"G"	7.18327e-06
"235"	"3"	"27583087"	"T"	"C"	6.65375e-06
"236"	"3"	"27583317"	"A"	"G"	3.23826e-06
"237"	"3"	"27584092"	"T"	"C"	6.4428e-06
"238"	"3"	"27584149"	"G"	"T"	9.23339e-06
"239"	"3"	"27584162"	"C"	"A"	6.44963e-06
"240"	"3"	"27590106"	"A"	"T"	2.19634e-06
"241"	"3"	"27605807"	"T"	"C"	6.80266e-06
"242"	"3"	"27608341"	"T"	"G"	7.54035e-06
"243"	"3"	"111799845"	"A"	"T"	6.54461e-06
"244"	"3"	"111804516"	"G"	"C"	7.40137e-06
"245"	"3"	"111814298"	"C"	"A"	7.47376e-06
"246"	"3"	"111991310"	"C"	"CTG"	8.30467e-06
"247"	"3"	"137764156"	"C"	"CT"	8.60255e-06
"248"	"4"	"108299192"	"G"	"A"	7.99218e-06
"249"	"4"	"133558294"	"C"	"T"	7.44409e-06
"250"	"4"	"133558295"	"A"	"G"	9.79428e-06
"251"	"4"	"133600144"	"T"	"G"	9.07335e-06
"252"	"4"	"133600145"	"C"	"T"	7.466e-06
"253"	"4"	"133610863"	"C"	"CT"	1.31721e-06
"254"	"4"	"133614587"	"T"	"A"	1.52563e-06
"255"	"4"	"133618923"	"A"	"G"	2.78666e-06
"256"	"4"	"133620209"	"C"	"T"	8.19432e-06
"257"	"4"	"133625173"	"T"	"TTC"	7.96889e-06
"258"	"4"	"133625473"	"C"	"T"	2.74383e-06
"259"	"4"	"133628871"	"A"	"AC"	6.81467e-06
"260"	"4"	"133628959"	"G"	"GA"	5.29027e-06
"261"	"4"	"133629559"	"C"	"G"	7.97152e-06
"262"	"4"	"133630340"	"T"	"G"	8.07052e-06
"263"	"4"	"133630539"	"C"	"T"	8.00445e-06
"264"	"4"	"133630635"	"G"	"T"	9.09343e-06
"265"	"4"	"133631334"	"T"	"A"	8.7002e-06
"266"	"4"	"133631539"	"A"	"G"	7.89083e-06
"267"	"4"	"133631597"	"T"	"G"	8.51684e-06
"268"	"4"	"133633193"	"C"	"T"	7.596e-06
"269"	"4"	"133634635"	"C"	"T"	7.52025e-06
"270"	"4"	"133635139"	"T"	"A"	5.38785e-06
"271"	"4"	"133635421"	"G"	"C"	5.32556e-06
"272"	"4"	"133635449"	"T"	"C"	5.32579e-06
"273"	"4"	"133635554"	"C"	"T"	5.27748e-06
"274"	"4"	"133637324"	"G"	"GA"	7.8977e-06
"275"	"4"	"133637568"	"T"	"C"	7.37003e-06
"276"	"6"	"66585709"	"A"	"G"	7.308e-06
"277"	"6"	"128763333"	"A"	"G"	5.53929e-06
"278"	"6"	"128769272"	"T"	"C"	5.51032e-06
"279"	"6"	"128777201"	"T"	"C"	5.34926e-06
"280"	"6"	"128778156"	"C"	"T"	5.66894e-06
"281"	"6"	"128780365"	"T"	"C"	4.78193e-06
"282"	"6"	"128782431"	"C"	"G"	4.90749e-06
"283"	"6"	"128798981"	"A"	"G"	3.65887e-06
"284"	"6"	"128815679"	"A"	"C"	5.25723e-06
"285"	"7"	"8002998"	"C"	"T"	8.87721e-06
"286"	"7"	"8271700"	"C"	"T"	1.51129e-07
"287"	"7"	"11299654"	"C"	"A"	8.90612e-06
"288"	"7"	"11300156"	"G"	"C"	8.94463e-06
"289"	"8"	"69999352"	"A"	"G"	8.392e-06
"290"	"8"	"81912833"	"A"	"G"	5.20149e-06
"291"	"8"	"81916100"	"T"	"C"	5.6884e-06
"292"	"8"	"128620948"	"T"	"C"	9.87848e-06
"293"	"8"	"128620981"	"A"	"ATTCT"	7.02137e-06
"294"	"9"	"85150369"	"A"	"AG"	4.49746e-06
"295"	"9"	"132231181"	"A"	"G"	7.90625e-06
"296"	"12"	"30384445"	"C"	"A"	3.36106e-06
"297"	"12"	"30403657"	"T"	"C"	9.5658e-07
"298"	"12"	"30481760"	"C"	"G"	3.58196e-06
"299"	"12"	"30487772"	"T"	"C"	3.20383e-06
"300"	"12"	"32918876"	"A"	"C"	3.83436e-06
"301"	"12"	"32926477"	"T"	"C"	4.33469e-06
"302"	"12"	"32927433"	"T"	"A"	3.01438e-06
"303"	"12"	"32927487"	"G"	"A"	8.96044e-06
"304"	"12"	"32928244"	"A"	"AT"	3.98813e-06
"305"	"12"	"32930537"	"A"	"G"	4.54892e-06
"306"	"12"	"32933592"	"CA"	"C"	2.76674e-06
"307"	"12"	"97771652"	"GGTGT"	"G"	9.08273e-06
"308"	"13"	"91155906"	"C"	"A"	8.04053e-06
"309"	"13"	"91160761"	"C"	"T"	7.74125e-06
"310"	"16"	"64134195"	"A"	"G"	9.29736e-06
"311"	"17"	"13260195"	"A"	"G"	5.51846e-06
"312"	"17"	"13260465"	"G"	"A"	6.62659e-06
"313"	"17"	"21365914"	"C"	"A"	5.18345e-06
"314"	"17"	"21381343"	"C"	"T"	7.91399e-06
"315"	"17"	"54766612"	"C"	"T"	3.77799e-06
"316"	"18"	"5352331"	"T"	"C"	5.93329e-06
"317"	"18"	"5357607"	"C"	"CTG"	7.80894e-06
"318"	"18"	"5358774"	"A"	"C"	9.54883e-06
"319"	"18"	"5360258"	"T"	"C"	9.5717e-06
"320"	"18"	"5361586"	"A"	"G"	9.82234e-06
"321"	"18"	"20280341"	"C"	"T"	5.15878e-08
"322"	"22"	"37589068"	"A"	"C"	1.9384e-06
"323"	"22"	"37595156"	"T"	"C"	2.26073e-06
"324"	"22"	"37608249"	"A"	"AAG"	2.30784e-06
"325"	"22"	"49564369"	"G"	"A"	9.96582e-07
"326"	"23"	"31362157"	"C"	"G"	5.71575e-06
"327"	"1"	"15391501"	"T"	"C"	8.60817e-06
"328"	"2"	"178117765"	"C"	"T"	9.26436e-06
"329"	"2"	"178118550"	"C"	"A"	7.39507e-06
"330"	"2"	"178119296"	"G"	"A"	6.42925e-06
"331"	"2"	"178120312"	"T"	"G"	6.2093e-06
"332"	"2"	"178120391"	"T"	"C"	6.26911e-06
"333"	"2"	"178130037"	"T"	"G"	6.08503e-06
"334"	"2"	"178136647"	"T"	"C"	4.04298e-06
"335"	"2"	"178138926"	"T"	"C"	4.69304e-06
"336"	"2"	"178139887"	"T"	"C"	4.28094e-06
"337"	"2"	"178140881"	"C"	"A"	4.49493e-06
"338"	"2"	"209430635"	"T"	"A"	1.40602e-06
"339"	"4"	"5426614"	"G"	"A"	2.76849e-07
"340"	"4"	"5426650"	"G"	"T"	2.186e-07
"341"	"4"	"5426752"	"T"	"C"	2.23954e-07
"342"	"4"	"5426821"	"T"	"C"	2.21077e-07
"343"	"4"	"5426838"	"C"	"T"	3.0485e-07
"344"	"4"	"5427005"	"C"	"T"	2.18228e-07
"345"	"4"	"5427052"	"A"	"G"	2.18327e-07
"346"	"4"	"5427063"	"T"	"C"	2.10805e-07
"347"	"4"	"5427101"	"A"	"G"	2.29157e-07
"348"	"4"	"5427384"	"G"	"A"	2.46213e-07
"349"	"4"	"5427666"	"G"	"A"	2.778e-07
"350"	"4"	"5427691"	"A"	"G"	2.82271e-07
"351"	"4"	"5427842"	"T"	"C"	2.9956e-07
"352"	"4"	"5427909"	"A"	"T"	4.04146e-07
"353"	"4"	"5428371"	"T"	"C"	2.71699e-07
"354"	"4"	"5429078"	"CT"	"C"	1.3428e-07
"355"	"4"	"5429300"	"T"	"G"	2.82209e-07
"356"	"4"	"5429477"	"G"	"C"	2.69762e-07
"357"	"4"	"5430107"	"T"	"C"	3.29234e-07
"358"	"4"	"5430450"	"C"	"T"	6.86835e-07
"359"	"4"	"5430610"	"T"	"C"	3.42215e-07
"360"	"4"	"5430751"	"C"	"T"	3.74514e-07
"361"	"4"	"5431171"	"T"	"C"	3.33356e-07
"362"	"4"	"5431198"	"G"	"A"	3.65486e-07
"363"	"4"	"5431889"	"T"	"A"	3.7951e-07
"364"	"4"	"5431991"	"G"	"C"	3.77816e-07
"365"	"4"	"5432418"	"T"	"C"	1.0168e-07
"366"	"4"	"5436385"	"T"	"C"	2.29717e-07
"367"	"4"	"5437288"	"G"	"A"	1.9118e-07
"368"	"4"	"5437742"	"A"	"G"	1.20546e-07
"369"	"4"	"5437792"	"G"	"A"	2.55371e-07
"370"	"4"	"5438129"	"G"	"A"	2.36328e-07
"371"	"4"	"5438185"	"A"	"G"	2.33284e-07
"372"	"4"	"5438244"	"C"	"T"	1.18159e-07
"373"	"4"	"5438282"	"A"	"T"	1.17499e-07
"374"	"4"	"5438328"	"G"	"A"	2.46597e-07
"375"	"4"	"5438415"	"T"	"C"	1.09082e-07
"376"	"4"	"5438532"	"C"	"T"	8.25727e-08
"377"	"4"	"5438555"	"A"	"G"	5.97586e-08
"378"	"4"	"5438559"	"G"	"A"	5.94872e-08
"379"	"4"	"5438814"	"G"	"A"	5.91243e-08
"380"	"4"	"5438834"	"A"	"G"	7.11846e-08
"381"	"4"	"5438901"	"A"	"G"	5.87857e-08
"382"	"4"	"5439063"	"T"	"G"	5.51126e-08
"383"	"4"	"5439315"	"G"	"A"	4.97339e-08
"384"	"4"	"5439630"	"G"	"A"	4.6417e-08
"385"	"4"	"5439690"	"C"	"T"	4.36519e-08
"386"	"4"	"5439806"	"A"	"G"	3.98842e-08
"387"	"4"	"5440064"	"T"	"C"	4.03828e-08
"388"	"4"	"5440485"	"G"	"A"	3.99978e-08
"389"	"4"	"5440654"	"G"	"T"	4.00458e-08
"390"	"4"	"5440703"	"A"	"C"	1.5152e-08
"391"	"4"	"5441328"	"C"	"A"	3.95449e-08
"392"	"4"	"5441452"	"T"	"A"	3.93619e-08
"393"	"4"	"5441610"	"C"	"T"	3.83186e-08
"394"	"4"	"5441612"	"G"	"C"	3.83166e-08
"395"	"4"	"5442121"	"C"	"G"	3.85985e-08
"396"	"4"	"5442376"	"G"	"A"	3.84664e-08
"397"	"4"	"5442610"	"C"	"T"	3.84284e-08
"398"	"4"	"5442752"	"G"	"T"	3.98547e-08
"399"	"4"	"5444798"	"G"	"C"	3.55539e-08
"400"	"4"	"5444826"	"T"	"C"	3.90349e-08
"401"	"4"	"5444870"	"T"	"C"	3.98063e-08
"402"	"4"	"5445232"	"G"	"C"	3.57663e-08
"403"	"4"	"5445349"	"G"	"A"	3.5768e-08
"404"	"4"	"5445549"	"G"	"C"	3.51671e-08
"405"	"4"	"5445587"	"G"	"A"	3.56509e-08
"406"	"4"	"5445936"	"A"	"G"	6.3096e-06
"407"	"4"	"5445976"	"A"	"C"	6.21249e-06
"408"	"4"	"5446026"	"C"	"T"	2.10593e-06
"409"	"4"	"5446061"	"A"	"G"	6.69354e-06
"410"	"4"	"5446410"	"G"	"A"	4.35887e-06
"411"	"4"	"5446591"	"C"	"T"	4.41484e-06
"412"	"4"	"5446604"	"A"	"T"	6.45153e-06
"413"	"4"	"5447083"	"G"	"T"	3.16454e-06
"414"	"4"	"5447157"	"C"	"T"	3.14538e-06
"415"	"4"	"5447721"	"T"	"C"	1.45683e-08
"416"	"4"	"5447833"	"G"	"A"	1.45103e-08
"417"	"4"	"5448012"	"G"	"A"	1.44784e-08
"418"	"4"	"5448319"	"C"	"T"	3.26644e-08
"419"	"4"	"5448429"	"G"	"A"	3.04557e-06
"420"	"4"	"5449825"	"A"	"G"	2.41882e-06
"421"	"4"	"5450124"	"T"	"C"	5.27225e-06
"422"	"4"	"5451084"	"C"	"T"	2.66364e-06
"423"	"4"	"5451484"	"C"	"T"	2.6656e-06
"424"	"4"	"5451894"	"G"	"A"	2.43176e-06
"425"	"4"	"21125666"	"CA"	"C"	6.91652e-06
"426"	"4"	"21127326"	"C"	"A"	3.39136e-06
"427"	"4"	"21129018"	"T"	"C"	3.52625e-06
"428"	"4"	"21129175"	"T"	"C"	3.3817e-06
"429"	"5"	"1379762"	"T"	"C"	4.96532e-06
"430"	"5"	"11201034"	"GCCC"	"G"	3.22768e-06
"431"	"5"	"107981747"	"A"	"G"	1.15375e-06
"432"	"5"	"107982319"	"G"	"T"	6.37382e-07
"433"	"5"	"107985206"	"G"	"A"	6.2228e-07
"434"	"5"	"107985363"	"T"	"C"	6.22053e-07
"435"	"5"	"107986411"	"A"	"G"	5.56621e-06
"436"	"5"	"107988382"	"C"	"A"	1.28557e-06
"437"	"5"	"107991359"	"CT"	"C"	3.00272e-06
"438"	"5"	"107993660"	"G"	"A"	7.93807e-07
"439"	"8"	"65056926"	"TTTTGT"	"T"	3.4374e-06
"440"	"10"	"72697004"	"C"	"G"	6.4715e-06
"441"	"11"	"36642202"	"G"	"A"	4.52248e-07
"442"	"11"	"36656011"	"A"	"G"	4.33554e-07
"443"	"11"	"36687767"	"A"	"G"	3.66814e-07
"444"	"11"	"36691823"	"A"	"G"	4.00904e-07
"445"	"11"	"36699691"	"T"	"C"	3.85598e-07
"446"	"11"	"36704441"	"G"	"C"	3.59034e-07
"447"	"11"	"36705980"	"T"	"C"	4.0407e-07
"448"	"11"	"36707480"	"G"	"A"	3.76633e-07
"449"	"11"	"36707614"	"G"	"A"	3.91371e-07
"450"	"11"	"36707716"	"C"	"G"	3.85757e-07
"451"	"11"	"36710826"	"C"	"A"	3.90233e-07
"452"	"11"	"36715137"	"A"	"C"	4.21885e-07
"453"	"11"	"36716476"	"A"	"T"	4.10489e-07
"454"	"11"	"36721017"	"G"	"A"	5.5993e-07
"455"	"11"	"36726818"	"T"	"G"	2.56091e-06
"456"	"11"	"36730081"	"T"	"G"	3.66969e-06
"457"	"11"	"36735229"	"G"	"A"	4.6446e-06
"458"	"11"	"87503135"	"G"	"T"	9.19569e-06
"459"	"11"	"87674248"	"A"	"G"	1.5322e-07
"460"	"12"	"8450488"	"A"	"G"	6.4018e-06
"461"	"12"	"8451778"	"T"	"TG"	7.14047e-06
"462"	"12"	"8452224"	"T"	"G"	8.98943e-06
"463"	"12"	"8454935"	"T"	"G"	8.63045e-06
"464"	"12"	"8469671"	"T"	"C"	9.31869e-06
"465"	"12"	"8470074"	"G"	"C"	7.02866e-06
"466"	"12"	"8471427"	"C"	"T"	5.51228e-06
"467"	"12"	"8471438"	"CT"	"C"	8.41874e-06
"468"	"13"	"42021188"	"T"	"G"	5.85637e-07
"469"	"13"	"94122417"	"A"	"AT"	4.91882e-06
"470"	"15"	"35385567"	"T"	"TA"	2.07221e-07
"471"	"15"	"56558014"	"A"	"G"	9.96057e-06
"472"	"15"	"56560873"	"A"	"C"	9.44794e-06
"473"	"15"	"56762888"	"T"	"TATC"	6.91385e-06
"474"	"15"	"56763454"	"A"	"C"	5.32334e-06
"475"	"15"	"56787114"	"G"	"T"	5.46698e-06
"476"	"17"	"49749782"	"C"	"T"	8.8292e-06
"477"	"17"	"51706322"	"C"	"T"	9.25438e-06
"478"	"17"	"51707162"	"A"	"C"	7.81135e-06
"479"	"17"	"51708457"	"A"	"G"	8.57733e-06
"480"	"20"	"45615042"	"G"	"GATCTATATAATATCTATATATATAATATATAA"	6.80203e-06
"481"	"20"	"59050476"	"T"	"C"	7.90976e-06
"482"	"22"	"49648936"	"T"	"C"	3.55216e-06
